text_id,raw_text,processed_v2,sentences
696,продукти харчування риба хек с/м риба хек с/м,продукти харчування риба хек с/м риба хек с/м,продукти харчування риба хек с/м риба хек с/м
667,"Галерейні системи Галерейні системи підвісів картин з освітленням Галерейні системи підвісів картин з освітленням, на профілях з тросовою системою, дві стіни висотою 2,75 м і довжиною 2.80 м на кінці радіус заокруглення R = 3 м, картини будуть розміщені в 3 яруси","Галерейні системи Галерейні системи підвісів картин з освітленням Галерейні системи підвісів картин з освітленням, на профілях з тросовою системою, дві стіни висотою 2,75 м і довжиною 2.80 м на кінці радіус заокруглення R = 3 м, картини будуть розміщені в 3 яруси","Галерейні системи Галерейні системи підвісів картин з освітленням Галерейні системи підвісів картин з освітленням, на профілях з тросовою системою, дві стіни висотою 2,75 м і довжиною 2.80 м на кінці радіус заокруглення R = 3 м, картини будуть розміщені в 3 яруси"
63,"Відновлення та заправлення картриджів Canon 728, HP Q2612A Відновлення та заправлення картриджів Canon 728, HP Q2612A Учасник повинен надати в електронному (сканованому у форматі pdf) в складі свої пропозиції наступні документи:
-	Копія свідоцтва про державну реєстрацію або копія виписки з єдиного державного реєстру юридичних осіб та фізичних осіб підприємців про державну реєстрацію (для юридичних осіб та суб’єктів підприємницької діяльності);
-	Копія свідоцтва платника ПДВ (у разі наявності), або витягу з реєстру платників ПДВ;
-	Копія статуту;
-	 Документальне підтвердження  наявність обладнання та матеріально – технічної бази, працівників відповідної кваліфікації, які мають необхідні знання та досвід, досвіду виконання аналогічних договорів.
Документи, що підтверджують відповідність вимогам до кваліфікації учасників в паперовому вигляді, завірені підписом та печаткою учасника, надаються замовнику переможцем під час укладання  договору про надання послуг
 Для оплати послуг виконавець повинен надати договір про надання послуг та акт виконаних робіт.
Розрахунки за договором проводяться після надання послуг. 
Надання послуг проводиться за адресою замовника, всі транспортні видатки за рахунок виконавця.","Відновлення та заправлення картриджів Canon 728, HP Q2612A Відновлення та заправлення картриджів Canon 728, HP Q2612A Учасник повинен надати в електронному (сканованому у форматі pdf) в складі свої пропозиції наступні документи:
-	Копія свідоцтва про державну реєстрацію або копія виписки з єдиного державного реєстру юридичних осіб та фізичних осіб підприємців про державну реєстрацію (для юридичних осіб та суб'єктів підприємницької діяльності);
-	Копія свідоцтва платника ПДВ (у разі наявності), або витягу з реєстру платників ПДВ;
-	Копія статуту;
-	 Документальне підтвердження  наявність обладнання та матеріально - технічної бази, працівників відповідної кваліфікації, які мають необхідні знання та досвід, досвіду виконання аналогічних договорів.
Документи, що підтверджують відповідність вимогам до кваліфікації учасників в паперовому вигляді, завірені підписом та печаткою учасника, надаються замовнику переможцем під час укладання  договору про надання послуг
 Для оплати послуг виконавець повинен надати договір про надання послуг та акт виконаних робіт.
Розрахунки за договором проводяться після надання послуг. 
Надання послуг проводиться за адресою замовника, всі транспортні видатки за рахунок виконавця.","Відновлення та заправлення картриджів Canon 728, HP Q2612A Відновлення та заправлення картриджів Canon 728, HP Q2612A Учасник повинен надати в електронному (сканованому у форматі pdf) в складі свої пропозиції наступні документи:
-	Копія свідоцтва про державну реєстрацію або копія виписки з єдиного державного реєстру юридичних осіб та фізичних осіб підприємців про державну реєстрацію (для юридичних осіб та суб'єктів підприємницької діяльності);
-	Копія свідоцтва платника ПДВ (у разі наявності), або витягу з реєстру платників ПДВ;
-	Копія статуту;
-	 Документальне підтвердження  наявність обладнання та матеріально - технічної бази, працівників відповідної кваліфікації, які мають необхідні знання та досвід, досвіду виконання аналогічних договорів.
Документи, що підтверджують відповідність вимогам до кваліфікації учасників в паперовому вигляді, завірені підписом та печаткою учасника, надаються замовнику переможцем під час укладання  договору про надання послуг
 Для оплати послуг виконавець повинен надати договір про надання послуг та акт виконаних робіт.
Розрахунки за договором проводяться після надання послуг. 
Надання послуг проводиться за адресою замовника, всі транспортні видатки за рахунок виконавця."
533,Засіб чистящий - порошок Гала 500гр Засіб чистящий - порошок Гала 500гр Засіб читящий - порошок Гала 500гр,Засіб чистящий - порошок Гала 500гр Засіб чистящий - порошок Гала 500гр Засіб читящий - порошок Гала 500гр,Засіб чистящий - порошок Гала 500гр Засіб чистящий - порошок Гала 500гр Засіб читящий - порошок Гала 500гр
66,Патрон Nammo Schonebeck SK RIFLE MATCH 22 LR Патрон Nammo Schonebeck SK RIFLE MATCH 22 LR Патрон Nammo Schonebeck SK RIFLE MATCH 22 LR згідно накладної.,Патрон Nammo Schonebeck SK RIFLE MATCH 22 LR Патрон Nammo Schonebeck SK RIFLE MATCH 22 LR Патрон Nammo Schonebeck SK RIFLE MATCH 22 LR згідно накладної.,Патрон Nammo Schonebeck SK RIFLE MATCH 22 LR Патрон Nammo Schonebeck SK RIFLE MATCH 22 LR Патрон Nammo Schonebeck SK RIFLE MATCH 22 LR згідно накладної.
621,"Медична документація, журнали обліку, бланки. Медична документація, журнали обліку, бланки.
1. Форма первинної облікової документації №129-6/о ""Журнал обліку препаратів наркотичних засобів, психотропних речовин і прекурсорів у відділеннях і кабінетах лікувально-профілактичних закладів охорони здоров'я"" - 1 шт., 50 аркушів, тверда обкладинка.
2.  Форма первинної облікової документації №129-7/о ""Журнал обліку препаратів наркотичних засобів, психотропних речовин і прекурсорів на постах відділень лікувально-профілактичних закладів охорони здоров'я"" - 1 шт., 50 аркушів, тверда обкладинка.
3. ""Листок призначень препаратів наркотичних засобів, психотропних речовин і прекурсорів хворим, які отримують лікування в стаціонарних або амбулаторних умовах, і виконання цих призначень"" - 500 шт. формат А4, орієнтація - книжна.
Доставка протягом двох днів після підписання договору. Оплата після фінансування. Медична документація, журнали обліку, бланки.
1. Форма первинної облікової документації №129-6/о ""Журнал обліку препаратів наркотичних засобів, психотропних речовин і прекурсорів у відділеннях і кабінетах лікувально-профілактичних закладів охорони здоров'я"" - 1 шт., 50 аркушів, тверда обкладинка.
2.  Форма первинної облікової документації №129-7/о ""Журнал обліку препаратів наркотичних засобів, психотропних речовин і прекурсорів на постах відділень лікувально-профілактичних закладів охорони здоров'я"" - 1 шт., 50 аркушів, тверда обкладинка.
3. ""Листок призначень препаратів наркотичних засобів, психотропних речовин і прекурсорів хворим, які отримують лікування в стаціонарних або амбулаторних умовах, і виконання цих призначень"" - 500 шт. формат А4, орієнтація - книжна.
Доставка протягом двох днів після підписання договору. Оплата після фінансування.","Медична документація, журнали обліку, бланки. Медична документація, журнали обліку, бланки.
1. Форма первинної облікової документації №129-6/о ""Журнал обліку препаратів наркотичних засобів, психотропних речовин і прекурсорів у відділеннях і кабінетах лікувально-профілактичних закладів охорони здоров'я"" - 1 шт., 50 аркушів, тверда обкладинка.
2.  Форма первинної облікової документації №129-7/о ""Журнал обліку препаратів наркотичних засобів, психотропних речовин і прекурсорів на постах відділень лікувально-профілактичних закладів охорони здоров'я"" - 1 шт., 50 аркушів, тверда обкладинка.
3. ""Листок призначень препаратів наркотичних засобів, психотропних речовин і прекурсорів хворим, які отримують лікування в стаціонарних або амбулаторних умовах, і виконання цих призначень"" - 500 шт. формат А4, орієнтація - книжна.
Доставка протягом двох днів після підписання договору. Оплата після фінансування. Медична документація, журнали обліку, бланки.
1. Форма первинної облікової документації №129-6/о ""Журнал обліку препаратів наркотичних засобів, психотропних речовин і прекурсорів у відділеннях і кабінетах лікувально-профілактичних закладів охорони здоров'я"" - 1 шт., 50 аркушів, тверда обкладинка.
2.  Форма первинної облікової документації №129-7/о ""Журнал обліку препаратів наркотичних засобів, психотропних речовин і прекурсорів на постах відділень лікувально-профілактичних закладів охорони здоров'я"" - 1 шт., 50 аркушів, тверда обкладинка.
3. ""Листок призначень препаратів наркотичних засобів, психотропних речовин і прекурсорів хворим, які отримують лікування в стаціонарних або амбулаторних умовах, і виконання цих призначень"" - 500 шт. формат А4, орієнтація - книжна.
Доставка протягом двох днів після підписання договору. Оплата після фінансування.","Медична документація, журнали обліку, бланки. Медична документація, журнали обліку, бланки.
1. Форма первинної облікової документації №129-6/о ""Журнал обліку препаратів наркотичних засобів, психотропних речовин і прекурсорів у відділеннях і кабінетах лікувально-профілактичних закладів охорони здоров'я"" - 1 шт., 50 аркушів, тверда обкладинка.
2.  Форма первинної облікової документації №129-7/о ""Журнал обліку препаратів наркотичних засобів, психотропних речовин і прекурсорів на постах відділень лікувально-профілактичних закладів охорони здоров'я"" - 1 шт., 50 аркушів, тверда обкладинка.
3. ""Листок призначень препаратів наркотичних засобів, психотропних речовин і прекурсорів хворим, які отримують лікування в стаціонарних або амбулаторних умовах, і виконання цих призначень"" - 500 шт. формат А4, орієнтація - книжна.
Доставка протягом двох днів після підписання договору. Оплата після фінансування. Медична документація, журнали обліку, бланки.
1. Форма первинної облікової документації №129-6/о ""Журнал обліку препаратів наркотичних засобів, психотропних речовин і прекурсорів у відділеннях і кабінетах лікувально-профілактичних закладів охорони здоров'я"" - 1 шт., 50 аркушів, тверда обкладинка.
2.  Форма первинної облікової документації №129-7/о ""Журнал обліку препаратів наркотичних засобів, психотропних речовин і прекурсорів на постах відділень лікувально-профілактичних закладів охорони здоров'я"" - 1 шт., 50 аркушів, тверда обкладинка.
3. ""Листок призначень препаратів наркотичних засобів, психотропних речовин і прекурсорів хворим, які отримують лікування в стаціонарних або амбулаторних умовах, і виконання цих призначень"" - 500 шт. формат А4, орієнтація - книжна.
Доставка протягом двох днів після підписання договору. Оплата після фінансування."
346,ВіникиСорго Віники Сорго 20 шт Віники Сорго 20 шт,ВіникиСорго Віники Сорго 20 шт Віники Сорго 20 шт,ВіникиСорго Віники Сорго 20 шт Віники Сорго 20 шт
490,брус брус хв. порід оброблений 50х50х3000 брус хв. порід оброблений 50х50х3000,брус брус хв. порід оброблений 50х50х3000 брус хв. порід оброблений 50х50х3000,брус брус хв. порід оброблений 50х50х3000 брус хв. порід оброблений 50х50х3000
760,"Штатив для інфузій - утримує вантаж до 10 кг, - утримує 2 скляні посудини ємністю 50-500 мл, або полімерні мішки ємністю до 1000 мл., - регульований по висоті Штатив для інфузій","Штатив для інфузій - утримує вантаж до 10 кг, - утримує 2 скляні посудини ємністю 50-500 мл, або полімерні мішки ємністю до 1000 мл., - регульований по висоті Штатив для інфузій","Штатив для інфузій - утримує вантаж до 10 кг, - утримує 2 скляні посудини ємністю 50-500 мл, або полімерні мішки ємністю до 1000 мл., - регульований по висоті Штатив для інфузій"
456,Лампа єергозбережувальна Лампа єнергозбережувальна 20ват. 840 Е27 Лампа єнергозбережувальна,Лампа єергозбережувальна Лампа єнергозбережувальна 20ват. 840 Е27 Лампа єнергозбережувальна,Лампа єергозбережувальна Лампа єнергозбережувальна 20ват. 840 Е27 Лампа єнергозбережувальна
65,"Профілактика кондиціонерів Профілактика кондиціонерів Учасник повинен надати в електронному (сканованому у форматі pdf) в складі свої пропозиції наступні документи:
-	Копія свідоцтва про державну реєстрацію або копія виписки з єдиного державного реєстру юридичних осіб та фізичних осіб підприємців про державну реєстрацію (для юридичних осіб та суб’єктів підприємницької діяльності);
-	Копія свідоцтва платника ПДВ (у разі наявності), або витягу з реєстру платників ПДВ;
-	Копія статуту;
-	 Документальне підтвердження  наявність обладнання та матеріально – технічної бази, працівників відповідної кваліфікації, які мають необхідні знання та досвід, досвіду виконання аналогічних договорів.
Документи, що підтверджують відповідність вимогам до кваліфікації учасників в паперовому вигляді, завірені підписом та печаткою учасника, надаються замовнику переможцем під час укладання  договору про надання послуг.
 Для оплати послуг виконавець повинен надати договір про надання послуг та акт виконаних робіт.
Розрахунки за договором проводяться після надання послуг. 
Надання послуг проводиться за адресою замовника, всі транспортні видатки за рахунок виконавця.","Профілактика кондиціонерів Профілактика кондиціонерів Учасник повинен надати в електронному (сканованому у форматі pdf) в складі свої пропозиції наступні документи:
-	Копія свідоцтва про державну реєстрацію або копія виписки з єдиного державного реєстру юридичних осіб та фізичних осіб підприємців про державну реєстрацію (для юридичних осіб та суб'єктів підприємницької діяльності);
-	Копія свідоцтва платника ПДВ (у разі наявності), або витягу з реєстру платників ПДВ;
-	Копія статуту;
-	 Документальне підтвердження  наявність обладнання та матеріально - технічної бази, працівників відповідної кваліфікації, які мають необхідні знання та досвід, досвіду виконання аналогічних договорів.
Документи, що підтверджують відповідність вимогам до кваліфікації учасників в паперовому вигляді, завірені підписом та печаткою учасника, надаються замовнику переможцем під час укладання  договору про надання послуг.
 Для оплати послуг виконавець повинен надати договір про надання послуг та акт виконаних робіт.
Розрахунки за договором проводяться після надання послуг. 
Надання послуг проводиться за адресою замовника, всі транспортні видатки за рахунок виконавця.","Профілактика кондиціонерів Профілактика кондиціонерів Учасник повинен надати в електронному (сканованому у форматі pdf) в складі свої пропозиції наступні документи:
-	Копія свідоцтва про державну реєстрацію або копія виписки з єдиного державного реєстру юридичних осіб та фізичних осіб підприємців про державну реєстрацію (для юридичних осіб та суб'єктів підприємницької діяльності);
-	Копія свідоцтва платника ПДВ (у разі наявності), або витягу з реєстру платників ПДВ;
-	Копія статуту;
-	 Документальне підтвердження  наявність обладнання та матеріально - технічної бази, працівників відповідної кваліфікації, які мають необхідні знання та досвід, досвіду виконання аналогічних договорів.
Документи, що підтверджують відповідність вимогам до кваліфікації учасників в паперовому вигляді, завірені підписом та печаткою учасника, надаються замовнику переможцем під час укладання  договору про надання послуг.
 Для оплати послуг виконавець повинен надати договір про надання послуг та акт виконаних робіт.
Розрахунки за договором проводяться після надання послуг. 
Надання послуг проводиться за адресою замовника, всі транспортні видатки за рахунок виконавця."
286,"Матеріали для ремонту прального обладнання Електроди АНО-21 3мм	10	кг
ремень клиновий 1120 А	6	шт
ремень клиновий 1500 А	6	шт
ремень  клиновий1600 (Б-В)	6	шт
ремень  клиновий1900 (Б-В)	4	шт
ремень  клиновий1950 (Б-В)	14	шт
ремень  клиновий2000  (Б-В)	40	шт
ремень  клиновий2200 (Б-В)	6	шт
підшипник 180604 	8	шт
підшипник 180605 	8	шт
підшипник 180606 	8	шт
підшипник 80203 	10	шт
підшипник 80204 	12	шт
підшипник 80205 	10	шт
підшипник   60312   	4	шт
підшипник   313   	4	шт
підшипник   216   	6	шт
підшипник   217  	6	шт
Гума губчаста S=10	5	кг
Параніт ПМБ 1 мм	5	кг
Стрічка тормозна 070х8 лат-2	6	м
Фторопласт 4 мм.	10	кг
		
Контактна особа: 096 540 22 49 Анатолій Якович Електроди АНО-21 3мм	10	кг
ремень клиновий 1120 А	6	шт
ремень клиновий 1500 А	6	шт
ремень  клиновий1600 (Б-В)	6	шт
ремень  клиновий1900 (Б-В)	4	шт
ремень  клиновий1950 (Б-В)	14	шт
ремень  клиновий2000  (Б-В)	40	шт
ремень  клиновий2200 (Б-В)	6	шт
підшипник 180604 	8	шт
підшипник 180605 	8	шт
підшипник 180606 	8	шт
підшипник 80203 	10	шт
підшипник 80204 	12	шт
підшипник 80205 	10	шт
підшипник   60312   	4	шт
підшипник   313   	4	шт
підшипник   216   	6	шт
підшипник   217  	6	шт
Гума губчаста S=10	5	кг
Параніт ПМБ 1 мм	5	кг
Стрічка тормозна 070х8 лат-2	6	м
Фторопласт 4 мм.	10	кг","Матеріали для ремонту прального обладнання Електроди АНО-21 3мм	10	кг
ремень клиновий 1120 А	6	шт
ремень клиновий 1500 А	6	шт
ремень  клиновий1600 (Б-В)	6	шт
ремень  клиновий1900 (Б-В)	4	шт
ремень  клиновий1950 (Б-В)	14	шт
ремень  клиновий2000  (Б-В)	40	шт
ремень  клиновий2200 (Б-В)	6	шт
підшипник 180604 	8	шт
підшипник 180605 	8	шт
підшипник 180606 	8	шт
підшипник 80203 	10	шт
підшипник 80204 	12	шт
підшипник 80205 	10	шт
підшипник   60312   	4	шт
підшипник   313   	4	шт
підшипник   216   	6	шт
підшипник   217  	6	шт
Гума губчаста S=10	5	кг
Параніт ПМБ 1 мм	5	кг
Стрічка тормозна 070х8 лат-2	6	м
Фторопласт 4 мм.	10	кг
		
Контактна особа: 096 540 22 49 Анатолій Якович Електроди АНО-21 3мм	10	кг
ремень клиновий 1120 А	6	шт
ремень клиновий 1500 А	6	шт
ремень  клиновий1600 (Б-В)	6	шт
ремень  клиновий1900 (Б-В)	4	шт
ремень  клиновий1950 (Б-В)	14	шт
ремень  клиновий2000  (Б-В)	40	шт
ремень  клиновий2200 (Б-В)	6	шт
підшипник 180604 	8	шт
підшипник 180605 	8	шт
підшипник 180606 	8	шт
підшипник 80203 	10	шт
підшипник 80204 	12	шт
підшипник 80205 	10	шт
підшипник   60312   	4	шт
підшипник   313   	4	шт
підшипник   216   	6	шт
підшипник   217  	6	шт
Гума губчаста S=10	5	кг
Параніт ПМБ 1 мм	5	кг
Стрічка тормозна 070х8 лат-2	6	м
Фторопласт 4 мм.	10	кг","Матеріали для ремонту прального обладнання Електроди АНО-21 3мм	10	кг
ремень клиновий 1120 А	6	шт
ремень клиновий 1500 А	6	шт
ремень  клиновий1600 (Б-В)	6	шт
ремень  клиновий1900 (Б-В)	4	шт
ремень  клиновий1950 (Б-В)	14	шт
ремень  клиновий2000  (Б-В)	40	шт
ремень  клиновий2200 (Б-В)	6	шт
підшипник 180604 	8	шт
підшипник 180605 	8	шт
підшипник 180606 	8	шт
підшипник 80203 	10	шт
підшипник 80204 	12	шт
підшипник 80205 	10	шт
підшипник   60312   	4	шт
підшипник   313   	4	шт
підшипник   216   	6	шт
підшипник   217  	6	шт
Гума губчаста S=10	5	кг
Параніт ПМБ 1 мм	5	кг
Стрічка тормозна 070х8 лат-2	6	м
Фторопласт 4 мм.	10	кг
		
Контактна особа: 096 540 22 49 Анатолій Якович Електроди АНО-21 3мм	10	кг
ремень клиновий 1120 А	6	шт
ремень клиновий 1500 А	6	шт
ремень  клиновий1600 (Б-В)	6	шт
ремень  клиновий1900 (Б-В)	4	шт
ремень  клиновий1950 (Б-В)	14	шт
ремень  клиновий2000  (Б-В)	40	шт
ремень  клиновий2200 (Б-В)	6	шт
підшипник 180604 	8	шт
підшипник 180605 	8	шт
підшипник 180606 	8	шт
підшипник 80203 	10	шт
підшипник 80204 	12	шт
підшипник 80205 	10	шт
підшипник   60312   	4	шт
підшипник   313   	4	шт
підшипник   216   	6	шт
підшипник   217  	6	шт
Гума губчаста S=10	5	кг
Параніт ПМБ 1 мм	5	кг
Стрічка тормозна 070х8 лат-2	6	м
Фторопласт 4 мм.	10	кг"
635,"Папір Папір офісний А4, клас -А, щільність 80гр/м2,білий в пачці 500 арк. Папір офісний А4, клас -А, щільність 80гр/м2,білий в пачці 500 арк.","Папір Папір офісний А4, клас -А, щільність 80гр/м2,білий в пачці 500 арк. Папір офісний А4, клас -А, щільність 80гр/м2,білий в пачці 500 арк.","Папір Папір офісний А4, клас -А, щільність 80гр/м2,білий в пачці 500 арк. Папір офісний А4, клас -А, щільність 80гр/м2,білий в пачці 500 арк."
67,"Заправлення балону азотом Прийом товару відбувається  за якістю та кількістю, яка відповідає «Інструкції про порядок прийому продукції виробничо- технічного призначення та товарів народного споживання по кількості П-6, та по якості П-7, затверджених  Постановою Держарбітражу при раді міністрів СРСР  від 15 червня 1965р № П-6 та 25 квітня 1966 року № П-7 (зі змінами, внесеними Постановою Держарбітражу СРСР від 29 грудня 1973 р. № 81, від 14 листопада 1974 № 98, від 23 липня 1975р № 115.)» Учасник повинен надати в електронному (сканованому у форматі pdf) в складі свої пропозиції наступні документи:
-	Копія свідоцтва про державну реєстрацію або копія виписки з єдиного державного реєстру юридичних осіб та фізичних осіб підприємців про державну реєстрацію (для юридичних осіб та суб’єктів підприємницької діяльності);
-	Копія свідоцтва платника ПДВ (у разі наявності), або витягу з реєстру платників ПДВ;
-	Копія статуту;
-	 Документальне підтвердження  наявність обладнання та матеріально – технічної бази, працівників відповідної кваліфікації, які мають необхідні знання та досвід, досвіду виконання аналогічних договорів.
Документи, що підтверджують відповідність вимогам до кваліфікації учасників в паперовому вигляді, завірені підписом та печаткою учасника, надаються замовнику переможцем під час укладання  договору про закупівлю.
 Для оплати послуг виконавець повинен надати договір поставки  та видаткову накладну.
Розрахунки за договором проводяться після надання послуг. 
Заправлення азотним газом проводиться у балон  замовника, транспортування його проводиться за рахунок виконавця.","Заправлення балону азотом Прийом товару відбувається  за якістю та кількістю, яка відповідає ""Інструкції про порядок прийому продукції виробничо- технічного призначення та товарів народного споживання по кількості П-6, та по якості П-7, затверджених  Постановою Держарбітражу при раді міністрів СРСР  від 15 червня 1965р № П-6 та 25 квітня 1966 року № П-7 (зі змінами, внесеними Постановою Держарбітражу СРСР від 29 грудня 1973 р. № 81, від 14 листопада 1974 № 98, від 23 липня 1975р № 115.)"" Учасник повинен надати в електронному (сканованому у форматі pdf) в складі свої пропозиції наступні документи:
-	Копія свідоцтва про державну реєстрацію або копія виписки з єдиного державного реєстру юридичних осіб та фізичних осіб підприємців про державну реєстрацію (для юридичних осіб та суб'єктів підприємницької діяльності);
-	Копія свідоцтва платника ПДВ (у разі наявності), або витягу з реєстру платників ПДВ;
-	Копія статуту;
-	 Документальне підтвердження  наявність обладнання та матеріально - технічної бази, працівників відповідної кваліфікації, які мають необхідні знання та досвід, досвіду виконання аналогічних договорів.
Документи, що підтверджують відповідність вимогам до кваліфікації учасників в паперовому вигляді, завірені підписом та печаткою учасника, надаються замовнику переможцем під час укладання  договору про закупівлю.
 Для оплати послуг виконавець повинен надати договір поставки  та видаткову накладну.
Розрахунки за договором проводяться після надання послуг. 
Заправлення азотним газом проводиться у балон  замовника, транспортування його проводиться за рахунок виконавця.","Заправлення балону азотом Прийом товару відбувається  за якістю та кількістю, яка відповідає ""Інструкції про порядок прийому продукції виробничо- технічного призначення та товарів народного споживання по кількості П-6, та по якості П-7, затверджених  Постановою Держарбітражу при раді міністрів СРСР  від 15 червня 1965р № П-6 та 25 квітня 1966 року № П-7 (зі змінами, внесеними Постановою Держарбітражу СРСР від 29 грудня 1973 р. № 81, від 14 листопада 1974 № 98, від 23 липня 1975р № 115.)"" Учасник повинен надати в електронному (сканованому у форматі pdf) в складі свої пропозиції наступні документи:
-	Копія свідоцтва про державну реєстрацію або копія виписки з єдиного державного реєстру юридичних осіб та фізичних осіб підприємців про державну реєстрацію (для юридичних осіб та суб'єктів підприємницької діяльності);
-	Копія свідоцтва платника ПДВ (у разі наявності), або витягу з реєстру платників ПДВ;
-	Копія статуту;
-	 Документальне підтвердження  наявність обладнання та матеріально - технічної бази, працівників відповідної кваліфікації, які мають необхідні знання та досвід, досвіду виконання аналогічних договорів.
Документи, що підтверджують відповідність вимогам до кваліфікації учасників в паперовому вигляді, завірені підписом та печаткою учасника, надаються замовнику переможцем під час укладання  договору про закупівлю.
 Для оплати послуг виконавець повинен надати договір поставки  та видаткову накладну.
Розрахунки за договором проводяться після надання послуг. 
Заправлення азотним газом проводиться у балон  замовника, транспортування його проводиться за рахунок виконавця."
327,Друк афіші Чорно-білий друк форматом А3 з фотографією на звичайному папері (згідно затвердженого макету) Чорно-білий друк форматом А3 з фотографією на звичайному папері (згідно затвердженого макету),Друк афіші Чорно-білий друк форматом А3 з фотографією на звичайному папері (згідно затвердженого макету) Чорно-білий друк форматом А3 з фотографією на звичайному папері (згідно затвердженого макету),Друк афіші Чорно-білий друк форматом А3 з фотографією на звичайному папері (згідно затвердженого макету) Чорно-білий друк форматом А3 з фотографією на звичайному папері (згідно затвердженого макету)
395,Папір офісний А4 Папір офісний А4  80 г\м2 Папір офісний А4,Папір офісний А4 Папір офісний А4  80 г\м2 Папір офісний А4,Папір офісний А4 Папір офісний А4  80 г\м2 Папір офісний А4
244,Овочі Буряк Буряк,Овочі Буряк Буряк,Овочі Буряк Буряк
377,"Послуги мобільного зв'язку Послуги мобільного зв'язку, тарифний план М2М(передача данних для пристроїв - медичне обладнання). Послуги мобільного зв'язку, тарифний план М2М(передача данних для пристроїв - медичне обладнання).","Послуги мобільного зв'язку Послуги мобільного зв'язку, тарифний план М2М(передача данних для пристроїв - медичне обладнання). Послуги мобільного зв'язку, тарифний план М2М(передача данних для пристроїв - медичне обладнання).","Послуги мобільного зв'язку Послуги мобільного зв'язку, тарифний план М2М(передача данних для пристроїв - медичне обладнання). Послуги мобільного зв'язку, тарифний план М2М(передача данних для пристроїв - медичне обладнання)."
610,"Натрію хлорид, розчин для інфузій, 9 мг/мл Прозора безбарвна рідина. У пляшках по 400 мл Прозора безбарвна рідина. У пляшках по 400 мл","Натрію хлорид, розчин для інфузій, 9 мг/мл Прозора безбарвна рідина. У пляшках по 400 мл Прозора безбарвна рідина. У пляшках по 400 мл","Натрію хлорид, розчин для інфузій, 9 мг/мл Прозора безбарвна рідина. У пляшках по 400 мл Прозора безбарвна рідина. У пляшках по 400 мл"
526,Серветка для підлоги Серветка для підлоги Серветка для підлоги,Серветка для підлоги Серветка для підлоги Серветка для підлоги,Серветка для підлоги Серветка для підлоги Серветка для підлоги
658,ДИМЕДРОЛ ДИМЕДРОЛ розч. для інєкц. № 10 ДИМЕДРОЛ розч. для інєкц. № 10,ДИМЕДРОЛ ДИМЕДРОЛ розч. для інєкц. № 10 ДИМЕДРОЛ розч. для інєкц. № 10,ДИМЕДРОЛ ДИМЕДРОЛ розч. для інєкц. № 10 ДИМЕДРОЛ розч. для інєкц. № 10
529,Мішки для сміття 35л (30шт/уп) Мішки для сміття 5л (30шт/уп) Мішки для сміття 5л (30шт/уп),Мішки для сміття 35л (30шт/уп) Мішки для сміття 5л (30шт/уп) Мішки для сміття 5л (30шт/уп),Мішки для сміття 35л (30шт/уп) Мішки для сміття 5л (30шт/уп) Мішки для сміття 5л (30шт/уп)
622,"Природний пісок. Природний пісок  згідно з ДСТУ Б В.2.7-32.
Доставка протягом двох днів після підписання договору. Оплата після фінансування. Природний пісок  згідно з ДСТУ Б В.2.7-32.
Доставка протягом двох днів після підписання договору. Оплата після фінансування.","Природний пісок. Природний пісок  згідно з ДСТУ Б В.2.7-32.
Доставка протягом двох днів після підписання договору. Оплата після фінансування. Природний пісок  згідно з ДСТУ Б В.2.7-32.
Доставка протягом двох днів після підписання договору. Оплата після фінансування.","Природний пісок. Природний пісок  згідно з ДСТУ Б В.2.7-32.
Доставка протягом двох днів після підписання договору. Оплата після фінансування. Природний пісок  згідно з ДСТУ Б В.2.7-32.
Доставка протягом двох днів після підписання договору. Оплата після фінансування."
721,"Радіотелефони Радіотелефон Panasonic КХ-Т01107-2 шт
Стаціонарно дротовий Panasonic КХ- TS 2352 VAW- 2 шт
Стаціонарно дротовий PPC 42-C-W - 18 шт
 Радіотелефон Panasonic КХ-Т01107-2 шт Стаціонарно дротовий Panasonic КХ- TS 2352 VAW- 2 шт Стаціонарно дротовий PPC 42-C-W - 18 шт","Радіотелефони Радіотелефон Panasonic КХ-Т01107-2 шт
Стаціонарно дротовий Panasonic КХ- TS 2352 VAW- 2 шт
Стаціонарно дротовий PPC 42-C-W - 18 шт
 Радіотелефон Panasonic КХ-Т01107-2 шт Стаціонарно дротовий Panasonic КХ- TS 2352 VAW- 2 шт Стаціонарно дротовий PPC 42-C-W - 18 шт","Радіотелефони Радіотелефон Panasonic КХ-Т01107-2 шт
Стаціонарно дротовий Panasonic КХ- TS 2352 VAW- 2 шт
Стаціонарно дротовий PPC 42-C-W - 18 шт
 Радіотелефон Panasonic КХ-Т01107-2 шт Стаціонарно дротовий Panasonic КХ- TS 2352 VAW- 2 шт Стаціонарно дротовий PPC 42-C-W - 18 шт"
360,"Практичний семінар ""Ефективна модель діяльності по наданню платних послу в медичних закладах"" Практичний семінар ""Ефективна модель діяльності по наданню платних послу в медичних закладах""
Питання:
1.Ефективна модель діяльности по наданню платних послуг.
2.Нормативно-правова база для организаціїплатних послуг.
3.Принципи розрахунку вартості послуг
4.Формування вартості нозологій
5.Правильне застосуваннятарифів
6.Власні надходження підприємства
7.Організації взаємодії медичного закладу зі страховими компаніями
8.Юридичне супроводження надання платних послуг
9.Процедура встановлення тарифів в м.Києві Практичний семінар ""Ефективна модель діяльності по наданню платних послу в медичних закладах""
Питання:
1.Ефективна модель діяльности по наданню платних послуг.
2.Нормативно-правова база для организаціїплатних послуг.
3.Принципи розрахунку вартості послуг
4.Формування вартості нозологій
5.Правильне застосуваннятарифів
6.Власні надходження підприємства
7.Організації взаємодії медичного закладу зі страховими компаніями
8.Юридичне супроводження надання платних послуг
9.Процедура встановлення тарифів в м.Києві","Практичний семінар ""Ефективна модель діяльності по наданню платних послу в медичних закладах"" Практичний семінар ""Ефективна модель діяльності по наданню платних послу в медичних закладах""
Питання:
1.Ефективна модель діяльности по наданню платних послуг.
2.Нормативно-правова база для организаціїплатних послуг.
3.Принципи розрахунку вартості послуг
4.Формування вартості нозологій
5.Правильне застосуваннятарифів
6.Власні надходження підприємства
7.Організації взаємодії медичного закладу зі страховими компаніями
8.Юридичне супроводження надання платних послуг
9.Процедура встановлення тарифів в м.Києві Практичний семінар ""Ефективна модель діяльності по наданню платних послу в медичних закладах""
Питання:
1.Ефективна модель діяльности по наданню платних послуг.
2.Нормативно-правова база для организаціїплатних послуг.
3.Принципи розрахунку вартості послуг
4.Формування вартості нозологій
5.Правильне застосуваннятарифів
6.Власні надходження підприємства
7.Організації взаємодії медичного закладу зі страховими компаніями
8.Юридичне супроводження надання платних послуг
9.Процедура встановлення тарифів в м.Києві","Практичний семінар ""Ефективна модель діяльності по наданню платних послу в медичних закладах"" Практичний семінар ""Ефективна модель діяльності по наданню платних послу в медичних закладах""
Питання:
1.Ефективна модель діяльности по наданню платних послуг.
2.Нормативно-правова база для организаціїплатних послуг.
3.Принципи розрахунку вартості послуг
4.Формування вартості нозологій
5.Правильне застосуваннятарифів
6.Власні надходження підприємства
7.Організації взаємодії медичного закладу зі страховими компаніями
8.Юридичне супроводження надання платних послуг
9.Процедура встановлення тарифів в м.Києві Практичний семінар ""Ефективна модель діяльності по наданню платних послу в медичних закладах""
Питання:
1.Ефективна модель діяльности по наданню платних послуг.
2.Нормативно-правова база для организаціїплатних послуг.
3.Принципи розрахунку вартості послуг
4.Формування вартості нозологій
5.Правильне застосуваннятарифів
6.Власні надходження підприємства
7.Організації взаємодії медичного закладу зі страховими компаніями
8.Юридичне супроводження надання платних послуг
9.Процедура встановлення тарифів в м.Києві"
30,Папір офісний Папір офісний А-4 Logic 80 г. Папір офісний А-4 Logic 80 г. 5 упак. по 5 пач. в пач. 500 лист.,Папір офісний Папір офісний А-4 Logic 80 г. Папір офісний А-4 Logic 80 г. 5 упак. по 5 пач. в пач. 500 лист.,Папір офісний Папір офісний А-4 Logic 80 г. Папір офісний А-4 Logic 80 г. 5 упак. по 5 пач. в пач. 500 лист.
260,"Папір А-4 500 арк. 80г/м2 Папір офісний призначений для друку та копіювання на лазерній, струмневій техніці, формат А-4 500 арк. 80 г/м2 Доставка за рахунок постачальника. Необхідні документи: договір, витяг з державного реєстру, документи платника податку, рахунок, накладна. Порядок розрахунку: оплата після отримання товару. Фактична місце знаходження постачальника м.Миколаїв або Очаківський район Папір А-4 500 арк. 80г/м2","Папір А-4 500 арк. 80г/м2 Папір офісний призначений для друку та копіювання на лазерній, струмневій техніці, формат А-4 500 арк. 80 г/м2 Доставка за рахунок постачальника. Необхідні документи: договір, витяг з державного реєстру, документи платника податку, рахунок, накладна. Порядок розрахунку: оплата після отримання товару. Фактична місце знаходження постачальника м.Миколаїв або Очаківський район Папір А-4 500 арк. 80г/м2","Папір А-4 500 арк. 80г/м2 Папір офісний призначений для друку та копіювання на лазерній, струмневій техніці, формат А-4 500 арк. 80 г/м2 Доставка за рахунок постачальника. Необхідні документи: договір, витяг з державного реєстру, документи платника податку, рахунок, накладна. Порядок розрахунку: оплата після отримання товару. Фактична місце знаходження постачальника м.Миколаїв або Очаківський район Папір А-4 500 арк. 80г/м2"
637,"Клейонка Клейонка для столів , рулон 25метрів Клійонка для столів у їдальній.","Клейонка Клейонка для столів , рулон 25метрів Клійонка для столів у їдальній.","Клейонка Клейонка для столів , рулон 25метрів Клійонка для столів у їдальній."
746,"двери металлические входные Стальные двери ""Эконом""   
Комплектация входной двери : 
Покрытие: Молотковое покрытие
Наполнение:Сотовое
Размер: 
                  2050×960мм
Открывание: Левое
Основной замок: Цилиндровый. Усиленные ригели замка 
Толщина: дверного полотна: 50 мм; стали 0,5 мм; коробка 1 мм
Порог: Нержавеющая сталь
Уплотнение: Резиновое уплотнение на коробке и полотне двери
Угол открывания: 120 градусов двери металлические входные","двери металлические входные Стальные двери ""Эконом""   
Комплектация входной двери : 
Покрытие: Молотковое покрытие
Наполнение:Сотовое
Размер: 
                  2050×960мм
Открывание: Левое
Основной замок: Цилиндровый. Усиленные ригели замка 
Толщина: дверного полотна: 50 мм; стали 0,5 мм; коробка 1 мм
Порог: Нержавеющая сталь
Уплотнение: Резиновое уплотнение на коробке и полотне двери
Угол открывания: 120 градусов двери металлические входные","двери металлические входные Стальные двери ""Эконом""   
Комплектация входной двери : 
Покрытие: Молотковое покрытие
Наполнение:Сотовое
Размер: 
                  2050×960мм
Открывание: Левое
Основной замок: Цилиндровый. Усиленные ригели замка 
Толщина: дверного полотна: 50 мм; стали 0,5 мм; коробка 1 мм
Порог: Нержавеющая сталь
Уплотнение: Резиновое уплотнение на коробке и полотне двери
Угол открывания: 120 градусов двери металлические входные"
570,труби та фітинги з оцинкованої жесті Труба Ø140 - 20 м.п; Воронка Ø140 - 10шт; Коліно Ø140х45* - 20шт; труба Ø120 - 20м.п; воронка Ø120 - 10шт; коліно Ø120х45* - 20шт; Труба Ø140 - 20 м.п; Воронка Ø140 - 10шт; Коліно Ø140х45* - 20шт; труба Ø120 - 20м.п; воронка Ø120 - 10шт; коліно Ø120х45* - 20шт;,труби та фітинги з оцинкованої жесті Труба Ø140 - 20 м.п; Воронка Ø140 - 10шт; Коліно Ø140х45* - 20шт; труба Ø120 - 20м.п; воронка Ø120 - 10шт; коліно Ø120х45* - 20шт; Труба Ø140 - 20 м.п; Воронка Ø140 - 10шт; Коліно Ø140х45* - 20шт; труба Ø120 - 20м.п; воронка Ø120 - 10шт; коліно Ø120х45* - 20шт;,труби та фітинги з оцинкованої жесті Труба Ø140 - 20 м.п; Воронка Ø140 - 10шт; Коліно Ø140х45* - 20шт; труба Ø120 - 20м.п; воронка Ø120 - 10шт; коліно Ø120х45* - 20шт; Труба Ø140 - 20 м.п; Воронка Ø140 - 10шт; Коліно Ø140х45* - 20шт; труба Ø120 - 20м.п; воронка Ø120 - 10шт; коліно Ø120х45* - 20шт;
